INSERT INTO users (id, created_at, created_by, last_modified_at, last_modified_by, login, email, first_name, last_name, full_name, photo, removed) VALUES ('5f969e35-17b7-450e-8d95-e60e8c76309d', '2017-01-26 16:05:03.967000', 'SYSTEM', '2023-11-26 16:05:03.967000', 'SYSTEM', 'pivkadom', 'dominik.test@tietoevry.com', 'Dominik', 'Pivka', 'Dominik Pivka', null, false);
INSERT INTO users (id, created_at, created_by, last_modified_at, last_modified_by, login, email, first_name, last_name, full_name, photo, removed) VALUES ('4f969e35-17b7-450e-8d95-e60e8c76309d', '2017-01-26 16:05:03.967000', 'SYSTEM', '2023-11-26 16:05:03.967000', 'SYSTEM', 'vyroudom', 'dominik.v.test@tietoevry.com', 'Dominik', 'Vyroubal', 'Dominik Vyroubal', null, false);
INSERT INTO users (id, created_at, created_by, last_modified_at, last_modified_by, login, email, first_name, last_name, full_name, photo, removed) VALUES ('3f969e35-17b7-450e-8d95-e60e8c76309d', '2017-01-26 16:05:03.967000', 'SYSTEM', '2023-11-26 16:05:03.967000', 'SYSTEM', 'damektom', 'tomas.test@tietoevry.com', 'Tomaš', 'Dámek', 'Tomaš Dámek', null, false);
INSERT INTO users (id, created_at, created_by, last_modified_at, last_modified_by, login, email, first_name, last_name, full_name, photo, removed) VALUES ('2f969e35-17b7-450e-8d95-e60e8c76309d', '2017-01-26 16:05:03.967000', 'SYSTEM', '2023-11-26 16:05:03.967000', 'SYSTEM', 'maturkat', 'katerina.test@tietoevry.com', 'Kateřina', 'Maturová', 'Kateřina Maturová', null, false);
INSERT INTO users (id, created_at, created_by, last_modified_at, last_modified_by, login, email, first_name, last_name, full_name, photo, removed) VALUES ('1f969e35-17b7-450e-8d95-e60e8c76309d', '2017-01-26 16:05:03.967000', 'SYSTEM', '2023-11-26 16:05:03.967000', 'SYSTEM', 'ondrupav', 'pavel.test@tietoevry.com', 'Pavel', 'Ondrusz', 'Pavel Ondrusz', null, false);
INSERT INTO users (id, created_at, created_by, last_modified_at, last_modified_by, login, email, first_name, last_name, full_name, photo, removed) VALUES ('5b77ffd8-92e4-4e7f-9e7f-e0206e68006e', '2017-01-26 16:05:03.967000', 'SYSTEM', '2023-11-26 16:05:03.967000', 'SYSTEM', 'kowanmic', 'michal.test@tietoevry.com', 'Michal', 'Kowalski', 'Michal Kowalski', null, false);
INSERT INTO users (id, created_at, created_by, last_modified_at, last_modified_by, login, email, first_name, last_name, full_name, photo, removed) VALUES ('9f969e35-17b7-450e-8d95-e60e8c76309d', '2017-01-26 16:05:03.967000', 'SYSTEM', '2023-11-26 16:05:03.967000', 'SYSTEM', 'mlichmat', 'matus.test@tietoevry.com', 'Matus', 'Mlich', 'Matus Mlich',  null, false);
INSERT INTO users (id, created_at, created_by, last_modified_at, last_modified_by, login, email, first_name, last_name, full_name, photo, removed) VALUES ('8f969e35-17b7-450e-8d95-e60e8c76309d', '2017-01-26 16:05:03.967000', 'SYSTEM', '2023-11-26 16:05:03.967000', 'SYSTEM', 'vavrepav', 'pavel.test@tietoevry.com', 'Pavel', 'Vavrečka', 'Pavel Vavrečka', null, false);
INSERT INTO users (id, created_at, created_by, last_modified_at, last_modified_by, login, email, first_name, last_name, full_name, photo, removed) VALUES ('7f969e35-17b7-450e-8d95-e60e8c76309d', '2017-01-26 16:05:03.967000', 'SYSTEM', '2023-11-26 16:05:03.967000', 'SYSTEM', 'indrajak', 'jakub.test@tietoevry.com', 'Jakub', 'Indrák', 'Jakub Indrák', null, false);

INSERT INTO user_role (user_id, role) VALUES ('5f969e35-17b7-450e-8d95-e60e8c76309d', 'GUEST'), ('5f969e35-17b7-450e-8d95-e60e8c76309d', 'MANAGER');
INSERT INTO user_role (user_id, role) VALUES ('4f969e35-17b7-450e-8d95-e60e8c76309d', 'GUEST'), ('4f969e35-17b7-450e-8d95-e60e8c76309d', 'MANAGER');
INSERT INTO user_role (user_id, role) VALUES ('3f969e35-17b7-450e-8d95-e60e8c76309d', 'GUEST'), ('3f969e35-17b7-450e-8d95-e60e8c76309d', 'MANAGER');
INSERT INTO user_role (user_id, role) VALUES ('2f969e35-17b7-450e-8d95-e60e8c76309d', 'GUEST'), ('2f969e35-17b7-450e-8d95-e60e8c76309d', 'MANAGER');
INSERT INTO user_role (user_id, role) VALUES ('1f969e35-17b7-450e-8d95-e60e8c76309d', 'GUEST'), ('1f969e35-17b7-450e-8d95-e60e8c76309d', 'MANAGER');
INSERT INTO user_role (user_id, role) VALUES ('5b77ffd8-92e4-4e7f-9e7f-e0206e68006e', 'GUEST'), ('5b77ffd8-92e4-4e7f-9e7f-e0206e68006e', 'MANAGER');
INSERT INTO user_role (user_id, role) VALUES ('9f969e35-17b7-450e-8d95-e60e8c76309d', 'GUEST'), ('9f969e35-17b7-450e-8d95-e60e8c76309d', 'MANAGER');
INSERT INTO user_role (user_id, role) VALUES ('8f969e35-17b7-450e-8d95-e60e8c76309d', 'GUEST'), ('8f969e35-17b7-450e-8d95-e60e8c76309d', 'MANAGER');
INSERT INTO user_role (user_id, role) VALUES ('7f969e35-17b7-450e-8d95-e60e8c76309d', 'GUEST'), ('7f969e35-17b7-450e-8d95-e60e8c76309d', 'MANAGER');

INSERT INTO contracts (contract_id, contract_type, end_date, start_date, contract_owner_id, contract_manager_id ) VALUES ('859abff8-737b-4bfb-bf42-f3a8589680d7', 'DPC', '2025-01-01', '2023-01-01', '5f969e35-17b7-450e-8d95-e60e8c76309d', null);
INSERT INTO contracts (contract_id, contract_type, end_date, start_date, contract_owner_id, contract_manager_id) VALUES ('759abff8-737b-4bfb-bf42-f3a8589680d7', 'DPC', '2025-01-01', '2023-01-01', '4f969e35-17b7-450e-8d95-e60e8c76309d', '5f969e35-17b7-450e-8d95-e60e8c76309d');
INSERT INTO contracts (contract_id, contract_type, end_date, start_date, contract_owner_id, contract_manager_id) VALUES ('659abff8-737b-4bfb-bf42-f3a8589680d7', 'DPC', '2025-01-01', '2023-01-01', '3f969e35-17b7-450e-8d95-e60e8c76309d', '5f969e35-17b7-450e-8d95-e60e8c76309d');
INSERT INTO contracts (contract_id, contract_type, end_date, start_date, contract_owner_id, contract_manager_id) VALUES ('559abff8-737b-4bfb-bf42-f3a8589680d7', 'DPC', '2025-01-01', '2023-01-01', '2f969e35-17b7-450e-8d95-e60e8c76309d', '5f969e35-17b7-450e-8d95-e60e8c76309d');
INSERT INTO contracts (contract_id, contract_type, end_date, start_date, contract_owner_id, contract_manager_id) VALUES ('459abff8-737b-4bfb-bf42-f3a8589680d7', 'DPC', '2025-01-01', '2023-01-01', '1f969e35-17b7-450e-8d95-e60e8c76309d', '5f969e35-17b7-450e-8d95-e60e8c76309d');
INSERT INTO contracts (contract_id, contract_type, end_date, start_date, contract_owner_id, contract_manager_id) VALUES ('359abff8-737b-4bfb-bf42-f3a8589680d7', 'DPC', '2025-01-01', '2023-01-01', '5b77ffd8-92e4-4e7f-9e7f-e0206e68006e', null);
INSERT INTO contracts (contract_id, contract_type, end_date, start_date, contract_owner_id, contract_manager_id) VALUES ('259abff8-737b-4bfb-bf42-f3a8589680d7', 'DPC', '2025-01-01', '2023-01-01', '9f969e35-17b7-450e-8d95-e60e8c76309d', '5b77ffd8-92e4-4e7f-9e7f-e0206e68006e');
INSERT INTO contracts (contract_id, contract_type, end_date, start_date, contract_owner_id, contract_manager_id) VALUES ('159abff8-737b-4bfb-bf42-f3a8589680d7', 'DPC', '2025-01-01', '2023-01-01', '8f969e35-17b7-450e-8d95-e60e8c76309d', '5b77ffd8-92e4-4e7f-9e7f-e0206e68006e');
INSERT INTO contracts (contract_id, contract_type, end_date, start_date, contract_owner_id, contract_manager_id) VALUES ('059abff8-737b-4bfb-bf42-f3a8589680d7', 'DPC', '2025-01-01', '2023-01-01', '7f969e35-17b7-450e-8d95-e60e8c76309d', '5b77ffd8-92e4-4e7f-9e7f-e0206e68006e');

INSERT INTO teams (team_id, owner_id, team_name) VALUES ('0f969e35-17b7-450e-8d95-e60e8c763055' ,'5f969e35-17b7-450e-8d95-e60e8c76309d','team1');
INSERT INTO teams (team_id, owner_id, team_name) VALUES ('1f969e35-17b7-450e-8d95-e60e8c763055' ,'5b77ffd8-92e4-4e7f-9e7f-e0206e68006e','team2');

INSERT INTO user_teams (users_id, teams_id) VALUES ('4f969e35-17b7-450e-8d95-e60e8c76309d', '0f969e35-17b7-450e-8d95-e60e8c763055');
INSERT INTO user_teams (users_id, teams_id) VALUES ('3f969e35-17b7-450e-8d95-e60e8c76309d', '0f969e35-17b7-450e-8d95-e60e8c763055');
INSERT INTO user_teams (users_id, teams_id) VALUES ('2f969e35-17b7-450e-8d95-e60e8c76309d', '0f969e35-17b7-450e-8d95-e60e8c763055');
INSERT INTO user_teams (users_id, teams_id) VALUES ('5f969e35-17b7-450e-8d95-e60e8c76309d', '0f969e35-17b7-450e-8d95-e60e8c763055');
INSERT INTO user_teams (users_id, teams_id) VALUES ('9f969e35-17b7-450e-8d95-e60e8c76309d', '1f969e35-17b7-450e-8d95-e60e8c763055');
INSERT INTO user_teams (users_id, teams_id) VALUES ('8f969e35-17b7-450e-8d95-e60e8c76309d', '1f969e35-17b7-450e-8d95-e60e8c763055');
INSERT INTO user_teams (users_id, teams_id) VALUES ('5b77ffd8-92e4-4e7f-9e7f-e0206e68006e', '1f969e35-17b7-450e-8d95-e60e8c763055');